w1DaEqyDkE,1678400342.653,rolling,2,12,2023-03-09T22:19:02
5rVXoZW3kK,1678400372.667,rolling,1,4,2023-03-09T22:19:32
O1BRO0VL1K,1678400402.682,rolling,1,1,2023-03-09T22:20:02
ekj6EYOWk9,1678400432.697,rolling,1,3,2023-03-09T22:20:32
Arwd08WR1z,1678400462.713,rolling,1,7,2023-03-09T22:21:02
J1oVJLBmrd,1678400492.73,rolling,0,0,2023-03-09T22:21:32
V16G5Y9GkB,1678400522.748,rolling,1,2,2023-03-09T22:22:02
6rXBLZ9wkO,1678400552.762,rolling,1,3,2023-03-09T22:22:32
DlZ4gZEg1j,1678400582.774,rolling,1,4,2023-03-09T22:23:02
YrJ3o5mZ1K,1678400612.789,rolling,1,3,2023-03-09T22:23:32
